<?xml version="1.0" encoding="UTF-8"?>
<beans:beans
	xmlns="http://www.springframework.org/schema/mvc"
	xmlns:xsi="http://www.w3.org/2001/XMLSchema-instance"
	xmlns:beans="http://www.springframework.org/schema/beans"
	xmlns:context="http://www.springframework.org/schema/context"
	xsi:schemaLocation="http://www.springframework.org/schema/mvc https://www.springframework.org/schema/mvc/spring-mvc.xsd
		http://www.springframework.org/schema/beans https://www.springframework.org/schema/beans/spring-beans.xsd
		http://www.springframework.org/schema/context https://www.springframework.org/schema/context/spring-context.xsd">

	<!-- DispatcherServlet Context: defines this servlet's request-processing 
		infrastructure -->

	<!-- Enables the Spring MVC @Controller programming model -->
	<annotation-driven />

	<!-- Handles HTTP GET requests for /resources/** by efficiently serving 
		up static resources in the ${webappRoot}/resources directory -->
	<resources mapping="/resources/**" location="/resources/" />

	<!-- Resolves views selected for rendering by @Controllers to .jsp resources 
		in the /WEB-INF/views directory -->
	<beans:bean
		class="org.springframework.web.servlet.view.InternalResourceViewResolver">
		<beans:property name="prefix" value="/WEB-INF/views/" />
		<beans:property name="suffix" value=".jsp" />
		<beans:property value="2" name="order" />
	</beans:bean>

	<!-- Tiles -->
	<beans:bean
		class="org.springframework.web.servlet.view.tiles3.TilesConfigurer" id="tilesConfigurer">
		<beans:property name="definitions">
			<beans:list>
				<beans:value>/WEB-INF/tiles/tiles.xml</beans:value>
			</beans:list>
		</beans:property>
	</beans:bean>
	<beans:bean
		class="org.springframework.web.servlet.view.UrlBasedViewResolver" id="tilesViewResolver">
		<beans:property
			value="org.springframework.web.servlet.view.tiles3.TilesView" name="viewClass" />
		<beans:property value="1" name="order" />
	</beans:bean>

	<context:component-scan base-package="airbnb.spring.main" />

	<!-- 파일 업로드 -->
	<beans:bean id="multipartResolver"
		class="org.springframework.web.multipart.support.StandardServletMultipartResolver"> 
	</beans:bean>
	
	<context:component-scan base-package="airbnb.spring.service" />
	<context:component-scan base-package="airbnb.spring.controller" />

</beans:beans>
